,0,1,2,3,4,5,6,7,8,9,10,11,12,13,14,15,16,17,18,19,20,21,22,23,24,25,26,27,28,29,30,31,32,33,34,35,36,37,38,39,40,41,42,43,44,45,46,47,48,49,50,51,52,53,54,55,56,57,58,59,60,61,62,63,64,65,66,67,68,69,70,71,72,73,74,75,76,77,78,79,80,81,82,83,84,85,86,87,88,89,90,91,92,93,94,95,96,97,98,99,100,101,102,103,104,105,106,107,108,109,110,111,112,113,114,115,116,117,118,119,120,121,122,123,124,125,126,127,128,129,130,131,132,133,134,135,136,137,138,139,140,141,142,143,144,145,146,147,148,149,150,151,152,153,154,155,156,157,158,159,160,161,162,163,164,165,166,167,168,169,170,171,172,173,174,175,176,177,178,179,180,181,182,183,184,185,186,187,188,189,190,191,192
0,0.754026500660153,1.2339899603604216,-0.9953708685441629,-2.3120684017327715,0.027611810858684104,0.9054109464893302,1.4218808161344798,1.4564267511429574,-1.4236707799061017,-2.5244018692326002,-2.269370268147636,-2.475733397337976,-2.3089245933952873,-2.4490894584167333,-2.3412632862018725,-2.6014186147928506,-2.3739159832927106,-1.3650220080138928,-1.193086678821718,-1.2264152611240529,-1.6720540956926506,-2.4573520711637706,-2.1226693090407616,-2.4892284385268857,-1.4365237040191774,-0.14056281625783168,-0.21348954993422725,-0.1701872481084495,-0.21164909855123978,-0.04068672111725154,0.31359265879703535,0.21873874052468797,0.2955256347140017,0.22541500053285982,0.2923404807772136,0.2271462609606364,0.2913365836516983,0.2277334184971285,0.2910171964303079,0.227862012954346,0.29103795891138645,0.2277141312726639,0.2913021231165451,0.22733688381448136,0.29179528741991034,0.22671911564390154,0.2925533480166877,0.22579509854934404,0.29368527099596603,0.22438343141701866,0.29551051004717904,0.22186101122013904,0.2994652677045589,0.21374033423201627,0.34034927728273395,0.3965575187265559,0.45350455200645107,0.3888804717329042,0.4581820664249093,0.3851532693521871,0.46163070756910857,0.3816825908236715,0.46530475273248817,0.3776611505681509,0.4698168611015967,0.3724916185841805,0.4758587859317668,0.36527971367895745,0.4846777202703475,0.35417265310049584,0.49920962991052154,0.3341466532870763,0.5289657180411688,0.2844321144023884,0.62751999139499,-1.5893510380283133,-2.518799557246817,-2.278841688931346,0.2552315517548997,0.7729837179321324,0.6360725372242563,0.6597330659655519,0.8455049493434017,1.5217845824699505,1.4562338719393046,1.4851828639085802,1.4855401465136753,1.4551769003110846,1.5306026055118866,1.2855331139060509,0.6112089596404596,0.316454579186314,0.15011872521180392,0.5850614725579163,0.4874259913794083,0.5553852808567434,0.4924780741797492,0.621045951439867,0.7177056679945696,0.4973742888494375,0.6420555535187611,0.47212281067805584,0.729123698190506,-0.4285346298831933,-1.288384415308838,-1.1538850562775924,-1.1622331867863203,-1.2816105088378582,-0.6008406910739525,0.9832498570587552,0.726774536200324,0.8986519104406407,0.7691932565027263,0.8715114441132678,0.7905790677245981,0.8493001859455361,0.8283027485769461,0.6650806545135863,-1.349303145672559,-1.468440083439546,-1.4946151460083943,-1.4514644003908999,-1.4997255394274962,-1.4464704335725154,-1.5143941776172272,-1.3469228354914446,-0.04777713587941252,0.11285592846732702,0.05757681220409775,0.0964612552453256,0.06407787028728847,0.09271103901410768,0.06673560642227758,0.0905935296877649,0.0685392105049174,0.08899592283115572,0.0700074168542832,0.0874204617242231,0.07500161474093135,0.22580252485205887,0.24302981165652168,0.24299740214206356,0.24178819783506073,0.24172793010726001,0.24444531319966317,0.23740336868990772,0.25200988030579297,0.2201536121567313,0.3705449532473872,0.5721789594180243,0.525626522716432,0.5548422375770407,0.5334462415237511,0.5500813327656809,0.5368508633074098,0.5473833239990786,0.5391469979811756,0.5453245424809842,0.5410676214299154,0.5434760861833807,0.5428922651145179,0.5416361185339241,0.5447826058567179,0.5396608023139045,0.54688018623672,0.537397667003578,0.5493623552757941,0.5346267984638554,0.552517172153779,0.5309514130679727,0.5569194734760355,0.5254913288698594,0.5640083716873224,0.5156889761195013,0.5788778497216819,0.489498902967874,0.640202312151587,0.14452869426203827,-1.428807904505731,-1.3285792659857514,-1.3714458709945898,-1.3440061818953837,-1.3612312870178043,-1.3474387324749029,-1.3783079544719958,-0.8029158539585866,0.5017314414831013,1.2129884028836297,1.1333981557563872,1.1226740200666598,1.2138432322943815,0.6806659583314199,-0.27126463741140167
1,-1.0510895544141754,-1.103313418667883,-1.0330924973871622,-1.1196245035758265,-0.8838066881890252,-0.6960335440517265,-0.7125750598085888,-0.7008361186280385,-0.7640934062255487,-1.1069807250977426,-1.0689559542660962,-1.1056939056811648,-1.0715702587687088,-1.1037631058926693,-1.07309281158807,-1.1024717638665806,-1.074248733260316,-1.1013953842213233,-1.0752824099467886,-1.100376081314788,-1.0763134252964994,-1.0993042168119445,-1.0774656317942686,-1.0980065474608394,-1.0790421722756498,-1.095792167924252,-1.0833434720974686,-1.0753320932473052,-0.7852464656947648,-0.7723177790157683,-0.7657751206092206,-0.7880134644083584,-0.9816404327028382,-0.9669536092593974,-1.0212963801465056,-0.7739593248520061,-0.4201330665581793,-0.21746457617817816,-0.1110559500974417,-0.06356262153948741,0.11892439664167385,0.005983745238476688,0.05977545568031252,-0.008084225275619224,0.03573870597187853,0.023553527216922304,0.27328528307951927,0.19390554666117346,0.21548815124874696,-0.08636008534110116,0.019806837872200955,0.40321491729298203,0.6674069417815222,0.396759330299105,0.1167750091311942,0.11108265678886743,0.13778975171240818,0.09889722160472553,0.15828512803110353,0.06281602863731897,0.20680458899093632,0.4349908201405681,0.408152413001159,0.3489604974630068,0.3005056344173505,0.17121948092966968,0.21358245374367976,0.1658095150392411,0.40058903082311553,0.5133814836018947,0.49716224600524705,0.512793335522084,0.7664021914715317,0.6421652588369814,0.7214022910860819,0.5998500552475077,0.7124365000986536,-0.38752666279889536,-0.20910354730636344,-0.037648756119725194,-0.2603239115709287,-0.3010387343660055,0.2034698529136676,0.2952135139374424,-0.019141422947923446,-0.08722038194930776,0.6061059513887543,-0.4454232082377338,-0.9395953580934583,-0.8265151617600608,-0.8570730083521365,-0.8632796174756575,-0.6627215494158479,-0.4023897442060242,-0.4866585690270351,-0.4231555466112281,-0.48550883709616194,-0.21248211966721586,0.01361836011253991,-0.15914115019022912,-0.6861007720251886,-0.6929437051309109,-0.6867802168642202,-1.0378662924430901,-1.1159370358959835,-1.1123837581654605,-1.079468648303766,-1.1780672564469266,-0.36325344138560645,-0.16842817305583668,-0.45180820264531407,-0.25308476001372404,-0.4561149840341514,0.003055180404351534,0.25763803163129334,0.2991295926731897,0.1934977354782013,0.499765954667379,-0.08136673151064774,-0.7016508717762489,-0.5333643201808346,-0.6365866374777385,-0.5596937143555383,-0.62415423223898,-0.5635759726852383,-0.6316181514520157,-0.49653126686898647,-0.18013128737780945,-0.7376646257191287,-0.7784270169582022,-0.7574266519601568,-0.581550617771424,-0.48087377650874324,-0.4424264463420008,-0.9047155507043682,-1.0378705038207354,-0.9899781844082655,-1.0282499115244916,-0.9418117248502625,0.12410902222800319,0.21935557242098347,0.31180674586521295,0.8080106778254867,0.8811140926104187,1.1551165108297365,1.4187021325911044,1.6035934106292706,1.7790380262289611,1.56062555065052,1.6571728836113886,1.082221494290833,1.8106010820821217,2.2288674315222985,2.01236258304036,2.3692007997330093,2.454459080131818,2.4672471324306424,2.181218848879561,1.583390440213396,1.4269707382096302,1.5761191451403922,1.0702426435402583,0.6518804259833328,0.6491435960486939,0.7631104630848409,1.3867133059037595,1.4084734505123007,1.3286191550924533,1.500673210602803,1.8053924266132524,2.4529512172203245,2.476432899618386,2.5559497044672943,2.4785221070509404,2.9807197301999873,0.7015235981892499,-0.6141877338650886,-0.29048903340791854,-0.44142306086401606,0.12128148121843782,0.30182186707221775,0.6688749417362636,0.9496228706422075,1.4075743437585813,1.7883852864922476,1.3677922668176121,-1.1067454145548976,-1.0544737199218617,-1.154788948052608,-1.0607131503249954,-1.1475926021231597,-1.0658961580999167,-1.1452736927985268
2,0.23239781219586253,0.3288599021043974,0.37077608232204073,-1.5326023048641984,-1.5179349828082267,-1.9410876755789384,-0.276646961028174,-0.42839472710529275,-1.6806633489781433,-1.652002402127084,-0.8202012110320683,-1.6983093661897555,-2.774522901111952,-2.342132298585505,-2.5912737907900785,-2.4633458276174593,-1.1412454848204157,-2.3901022369862543,-0.414414749073104,-0.02011358604778589,-0.5700934737458331,-1.2777078445686343,-1.8642968800298916,-2.448263115396834,-3.23758883066625,-2.8468844115547234,-3.111030338372317,-2.9112432766893104,-2.8476859369273906,-2.111012044796688,-1.8918644550761312,-1.7015396085968544,-1.63757659284885,-1.3944506239816414,-1.535657744298347,-1.3892285972635952,-1.3165440673916438,-0.3731860494629499,0.0213358781818499,0.11540646145990646,0.17985260649433862,0.5210832524718312,0.44027146471973416,0.5281816365793338,0.44157366978056467,0.5266121310137907,0.4430360019573283,0.5252787576923106,0.4442489159886746,0.5241779943659693,0.4452432171676822,0.5232865132919778,0.44603405692123754,0.5225952641910213,0.4466257948056787,0.5221038792173496,0.44701505069193054,0.5218195158766538,0.4471906928497237,0.5217575798017373,0.4471326935155759,0.5219430443609958,0.4468109672646281,0.5224108545594621,0.44618691363491503,0.5232000072764312,0.44522879463776005,0.5243177858468226,0.4439923629995272,0.5255564217306681,0.44305384505042505,0.5253991879344101,0.44658355946375383,0.5107752603462797,0.5091610567658399,-0.39964037593919627,-3.1209777512383674,-1.0830345974034983,0.6644425951321359,0.29897910648424386,0.48294753378361743,0.43274378631914723,0.5157181085380056,0.4633639194273177,0.49888586860937395,0.47486884832932513,0.49047052550299325,0.48128507376295965,0.48542856549753494,0.4853416173497462,0.4821017678373622,0.48811386655978506,0.47975999171554956,0.49011546277360996,0.47803134043434026,0.4916222299058507,0.47670701154338624,0.4927950531497507,0.47566111512986137,0.49373378241485705,0.47481350202237077,0.49450343815433595,0.47411092809348054,0.49514798255425135,0.4735168329620755,0.49569800742061354,0.4730054903289852,0.4961752290404843,0.47255852690295996,0.4965951988770154,0.4721628068792616,0.4969689504603292,0.47180916274227513,0.49730395487966367,0.47149171090584857,0.4976045583111128,0.471207653904336,0.4978719290331972,0.47095761695343863,0.49810337574306984,0.4707467776220231,0.49829060398379593,0.47058749008986767,0.49841577624522404,0.4705052674360922,0.49844223256917053,0.4705536136032986,0.4982898500358039,0.4708569849808414,0.4977554871431564,0.4717697528859852,0.49616243403348476,0.47475980714821525,0.48965276494448107,0.4939486214454577,0.35781536892348526,-1.1194060621008075,-1.2844613162291392,-0.6720084224234032,-0.2440657778703691,-0.052946241615320876,0.17967853465605846,0.0833455586898995,0.16459963406780498,0.0882827857772596,0.4377409902429407,0.4748915459658,0.5019226248673894,0.46412369224945016,0.5063575916399925,0.4615884523774702,0.5081279404876851,0.4601716175581685,0.5093725590532119,0.45900810566136924,0.5105055725605648,0.4578749734357089,0.5116588921873914,0.4566872158603331,0.5128920598288312,0.4553994949396662,0.5142425258864904,0.45397847755838416,0.5157419070559423,0.45239261821458426,0.5174229062516571,0.45060704566499343,0.5193234819405605,0.44857979974430184,0.5214905755002248,0.446257849450966,0.5239846124082763,0.4435717938026615,0.526885927917338,0.44042789065588617,0.5303048467406036,0.43669508310647753,0.534398680139153,0.43218230761329335,0.5394026587093456,0.4265953154300102,0.5456918888059892,0.41944482588110404,0.5539229607694823,0.4098174186357834,0.5654277614585452,0.39564333116681705,0.5837277218421738,0.37003942976723364,0.6259734721024375,0.25563021063283287,0.04928004064907329,-0.23772066336782524
3,-0.9366558756669667,-1.0598694288230404,-0.9651853566772014,-1.043782923925498,-0.9755775603881256,-1.0364195843990829,-0.9811458987613697,-1.03200278856319,-0.9847784482305859,-1.0289293962011585,-0.9874388281248797,-1.0265824191905957,-0.989543222890165,-1.0246682971080678,-0.991307122885379,-1.023022848433416,-0.9928602597729635,-1.0215396639103678,-0.9942934427250735,-1.0201378464076274,-0.9956821735631662,-1.018743347426985,-0.9971028889622597,-1.0172731466236347,-0.9986502732253534,-1.0156142016952863,-1.0004651542094014,-1.0135838809564781,-1.002793847666215,-1.0108363449373516,-1.0061435980441618,-1.0065892997333257,-1.0117969902184958,-0.998566935138884,-1.0242600672215418,-0.9762152443171936,-1.0772097496270534,-0.5799020987780703,0.05278201217766735,-0.011335461462827674,0.11795416889561945,0.024951685429443586,0.10451026896531912,0.030704060913988935,0.10699453252629004,-0.03235398194699828,-0.2520039893532828,-0.3460607113359653,-0.3000295717977153,-0.3342475807636529,0.025832771610924465,0.3994151172647453,0.5924030757049816,0.5288707441858919,0.6136591229042186,0.8492812605589068,0.927530007936536,0.8801588501219036,0.923200130414902,0.8817475221322071,0.9224330629518618,0.8821705364642456,0.9221291541668015,0.8826449546571334,0.9204272260248022,0.8965431474823577,1.1676280625623912,1.1547026654790058,1.1906104840063678,1.152531220502423,1.3949496987156056,1.4182541425342152,1.4716118753021914,1.5329489568786394,1.1805995775490608,-0.8573672835816281,-0.9959571129708561,-1.0401823197361453,-0.9643873105106738,-1.061958684655815,-0.9349925434983658,-1.122976653216571,-0.35842570154157677,0.27144451692011745,0.36132575456116844,0.43921206556623926,0.5313221018971195,0.16808648101466608,0.6430223110103329,1.0684350939543679,0.9932255528453506,1.074144980759487,1.0175460262428444,1.058085482184469,1.0315087893377335,1.0401490164405431,1.2798568396119485,1.605740743911388,1.0609608888623197,0.5542162476312733,0.6335919647985643,0.10737711735145855,-0.9407845854629563,-0.9864544992169867,-1.0325704411323116,-0.9815687662708342,-1.0346894187055793,-0.980409460332974,-1.0054287423002193,-0.038837520446122535,0.050485048990252156,0.13809309516432727,-0.3037400426681905,-0.8665272416724565,-0.8777235136162195,-0.9831765596476993,-0.9125395268916925,-0.9666288899895421,-0.923012310703545,-0.9588979339545709,-0.9295581887818437,-0.9524482323597497,-0.9371690693941233,-0.9412450899348549,-0.9591118879059555,-0.5779674068983089,-0.34104751618857837,-0.4316695297513158,-0.36940368017881503,-0.39875227453979806,0.057033773253455766,0.08656864673175976,0.0734587202223982,0.2349157970389251,0.6566080767369035,0.5327794136175223,0.636739718975741,0.5379372409419884,0.6378977684634537,0.531729862832112,0.6510272008910033,0.5026151709609302,0.8515161143822811,0.9298563165595769,1.636151163801999,0.7822319669012575,0.7876759417885051,0.8552883090209077,0.8379165439168161,0.8145483429540661,1.1947441896216122,1.4088500183912547,1.3133638525482128,1.424912506218095,0.8692513731609552,-0.7547092336582982,-1.0105510607950936,-1.0230222098448845,-0.9851518031611054,-1.0348633095199011,-0.9754679715936386,-1.0452419454326014,-0.9626112335385243,-1.0630929535557556,-0.9342031776725543,-1.1180577384813248,0.054302713694233756,0.4440689897191168,0.5000945614715259,1.0502531846489442,1.1413096628961537,1.1400953689383542,1.2250042674622874,1.0799324694639927,1.3527184473087661,0.055735428623795706,-1.1934038457169673,-0.8937948772603324,-1.0651928073700794,-0.9584202668195577,-0.9651844155576776,0.693010635918741,0.9667967837838005,0.7771646677612288,1.4430121951499753,3.2436914717081176,3.076172794368846,3.372247462160232,1.8465475568892074,0.9554093778596374,1.3181160195675752,0.3537681132310414,-1.1192998779087364
4,-2.085397177083537,-2.099095700136003,-0.6189970551546938,-0.2809531177330215,0.014985353503365948,0.2757260296337014,0.10278007538011312,-0.31029356523633805,-0.3083316041226856,0.009770967774444545,0.17936135337464926,0.11632883645378747,-0.6215983382663383,-1.4943683658657252,-1.9739761987791864,-2.2405249583534252,-2.053495580028189,-1.6587521598691795,-1.4032528334013605,-1.1968636697498698,-1.4255625976318214,-1.6637123020404179,-1.8768122567440157,-2.1583584231814377,-2.4186053473555105,-2.404804595416886,-2.4478258009310423,-2.3503385979851377,-2.191315141577513,-2.0919705063825718,-2.05101500039585,-2.0173934145282413,-2.0197049578661024,-1.8366484162256578,-1.7855361055632206,-1.7486744318349192,-1.815644523806354,-1.133467091714202,-0.2623993802979751,0.004916836878988613,0.38856555677804017,0.4082822515816523,0.46941719006128996,0.6622436375687657,0.9205312757726017,0.8817204432331652,0.9343068281451431,1.0214596446499804,1.072328540766857,1.1097272887932388,1.0694749966560089,0.8934729248060244,0.9600054498145065,0.9973408098666923,1.0256628243253438,1.1089939743377673,1.1843295196330004,1.1671047172446631,1.1906765525199217,1.1677637434406818,1.1903496786083363,1.1677881181035157,1.1872499537018761,1.0241292546902934,0.8545766908227993,0.7802812643425475,0.8226730185145179,0.8543409421906123,0.8594301985662901,0.9165468032189268,0.9718023107014134,0.9989792792684193,1.1315894761746548,1.0810762538476857,1.145690017437085,0.7815646993947386,0.012820162027003692,-0.3815269385662341,-0.1853231523122387,-0.18795704885136577,-0.06279255079088356,-0.07485862446172707,0.37577262808481837,0.7627596543778186,0.7549349215679141,0.8125458843666699,1.1998584511776687,1.4150285764232304,0.9575542849517946,0.7039061358915113,0.562300556683113,0.21574060755263888,0.2277662800841406,0.30454089569299336,0.34495741831048915,0.4022688336592135,0.43754201111789126,0.47572301646770404,0.5431374582988064,0.4894554673363167,0.40516156952331206,0.3235953258766374,0.34656660854988797,-0.040952846602990686,-0.5097689952214011,-0.9810483396423944,-1.5989109731677051,-1.6581296484953532,-1.4320465938600127,-0.947045241418676,-0.8397323879222608,-0.8072345905804448,-0.79328676728249,-0.7903728194496115,-0.7075145039429608,-0.4770979454139717,-0.49970402368037103,-0.3806971236654759,-0.20907389442050206,-0.14734409795626335,-0.11167553183048479,-0.06160222074253479,0.02720562020044496,0.05368867214854067,0.05742123049488739,0.05046862309752055,0.0640885933828177,0.01774187796953308,-0.020075263790478706,0.22422750970828378,0.3161218454422342,0.4477318202155361,0.6017426496267732,0.7082886946933866,0.7286785406729732,0.7551409077043078,0.7783583806900396,0.8220147616211126,0.8187553576023974,0.8308219069414785,0.8303463694318897,0.8555158587795011,0.8996586871587743,0.9341008919520415,0.9792592951881685,0.8803612665479739,0.2641933688223784,0.5381276516596253,0.6536303100912847,0.6308910058438821,0.6579772792043076,0.5769066494066526,0.5821415804360215,0.5915786363443402,0.5058738341670659,0.008461189583888959,-0.19914079960321307,-0.23389150032239828,-0.37460887699665074,-0.4976679006675683,-0.4812284240426211,-0.5054639387872423,-0.5170400148719744,-0.512455958020219,-0.5278292882470811,-0.377953575572007,-0.09936786173332975,0.05519353427365497,0.1049740352146684,-0.11362530640387042,-0.007312989596891411,0.3542116196721069,0.6870839946049623,0.8477444052472033,0.9585294294971827,0.9305013104468385,0.16875952867053076,-0.6244339206542823,-0.5833228513403114,-0.5335422437288136,-0.21737281461536828,0.1387525983713839,0.513064909324213,0.9934424645763743,1.240085444834889,1.2673100086950049,1.3352604951787896,1.3960746611330115,1.1370569932628303,0.3892676003939357,-0.2641178309010411,-1.133164337536413,-1.63311445785875
5,-2.1536394310931657,-2.356722942097829,0.7342074727735634,0.19907263338783568,0.015776316870626948,-1.4794353161750902,-1.7250285283138875,-0.8154391106255363,-0.659513075245312,-0.8272815637093717,-0.5712680804428605,-0.9519165899500487,-2.5768782573716216,-2.5371740515876717,-2.5424177881286645,-2.574026171900369,-2.496634538983819,-2.6671920709841728,-1.647904925027822,-1.8858847002658992,-2.2697365708969803,-2.0468174961504366,-2.2219475081006594,-2.0675421693101423,-2.213394835259784,-2.067895110986773,-2.2225819159681857,-2.027667314980243,-1.808968282263886,-1.8169907482556953,-1.9474636372497334,-1.7825284249514801,-1.9941732305169964,-1.6363743872639658,-1.1796860867766554,-1.553958470435405,-2.256763594117127,0.003384505766156523,1.1819208399361203,-0.1607466070534878,0.8297619464867205,0.4566946641518183,0.7202008898970098,0.5143782911781606,0.6837543195826704,0.5396916473016639,0.6650824353581032,0.5540615676248165,0.6536653907150759,0.5633620043993125,0.6459340977615693,0.5698983100501789,0.6403279430673584,0.5747673600346012,0.6360516785070933,0.5785611711761635,0.6326542308710676,0.5816307450430909,0.6298569828901671,0.5842016363496846,0.6274735500525053,0.5864313832854107,0.6253672515222268,0.5884423323018118,0.6234243467732423,0.5903451489338769,0.6215312748419557,0.5922635189509974,0.6195445101353334,0.5943750542585986,0.6172298818017381,0.5970083265221308,0.6140964170198508,0.6009479087077632,0.6087910085931474,0.6087491620293477,0.5959886343957866,0.6291103281370373,-0.23568344597546198,-0.622725485806544,-0.47188617567483226,-0.5991511979753789,-0.391248685264598,0.4039016586007652,0.4780459749280779,0.43555599041565113,0.4732561438425957,0.43760947646502707,0.4718875743748288,0.4386950908529038,0.4709643983380941,0.43950533587057034,0.4702411096103094,0.44015787930411243,0.4696479984126167,0.4407000155033457,0.46915023777000636,0.44115869716257244,0.4687262996793102,0.4415514929898329,0.4683616195570104,0.44189062555582725,0.46804583741494776,0.44218495046969464,0.4677713281101528,0.44244107563884244,0.4675323325893416,0.4426640458149971,0.46732441178450124,0.4428577828493375,0.46714408843022304,0.44302537948462745,0.4669886043051361,0.44316930130326315,0.4668557511809819,0.4432915290681336,0.46674375031078563,0.44339366128827223,0.46665116469612244,0.44347698963396504,0.4665768339419851,0.44354255549193744,0.46651982490164706,0.4435911932809337,0.46647939342138495,0.4436235644833004,0.4664549538070696,0.44364018532105626,0.46644605342676415,0.443641450411068,0.4664523502851018,0.4436276544678651,0.4664735915243415,0.44359901414927655,0.4665095906281313,0.44355569248579224,0.46656020056732295,0.4434978290980389,0.46662527908672574,0.44342558079279987,0.4667046405064754,0.44333917951946966,0.4667979852815847,0.44323901877259575,0.46690479316343225,0.44312578666762836,0.4670241563027498,0.44300067665767845,0.46715451141421577,0.44286573034385524,0.4672931977719241,0.44272441188549994,0.46743570430454917,0.4425826041992953,0.46757433767767226,0.4424504105307472,0.4676957535231314,0.4423455875926511,0.46777610187777546,0.44230054238196265,0.4677707182450973,0.4423779154688993,0.46758984610813625,0.4427097879787664,0.4670325021059214,0.44361539855328724,0.46556219477992505,0.4460682540182168,0.46120749122003074,0.4547984677048032,0.43862428541549187,0.5785013031039111,1.7331892619582665,1.7477650123383657,1.76666600404328,1.77389006145893,1.5880353291689884,-0.4783505615104796,-0.5237856232769038,-0.5806301003114042,-0.5076528414741129,-0.5880152516652378,-0.5015717461444111,-0.5945576456979831,-0.4937795389587557,-0.6042621553644439,-0.48132602409978065,-0.6207352736998272,-0.45869765028898624,-0.653460607575384,-0.4076710161946388,-0.7432977190972572,-0.20708820017064256
6,0.22926662040634507,0.08133350600520921,-0.1645349341049217,-0.37829755212882654,1.052264707917564,0.5978819844651979,0.951815601715683,-0.6231303615166657,-0.7497460469548571,-0.11356043209240517,0.4352111498619476,0.34706128119275503,0.13339067157652743,0.18437984416001932,-0.38406101321266234,-0.375903553798392,-0.9781910480718685,-0.05306788408282514,-0.25431874602246707,-0.3142678806084831,0.7564532248370603,-1.1468896152517944,-1.5565293588009141,-1.4745633222306413,-1.5126000334471985,-1.4880525067266683,-1.5078602086598865,-1.4893229561610224,-1.5082599165862463,-1.487982837620794,-1.5102190215427433,-1.4855431170644413,-1.5130967480530113,-1.4822093514895713,-1.5169537902755168,-1.4777098239044109,-1.522282846605159,-1.4712619563305889,-1.5303099860337068,-1.4608784031695923,-1.5444900525471306,-1.439787688763541,-1.581614408587628,-1.3147771754039863,-1.238707839286066,-0.4378477136804104,-0.6336597110952821,-1.7651055185305455,-1.5175527281499988,-1.6738340750232,-1.5602067558257295,-1.6486186478902356,-1.5771422264355923,-1.6362679352474832,-1.5867004997440388,-1.6285196401641324,-1.5932281646830204,-1.6228323152403525,-1.5983370516107471,-1.6181095167676973,-1.602825147657407,-1.613727329837503,-1.607220962583574,-1.6091961941213915,-1.6120231350030654,-1.6039583786476856,-1.6179116533795512,-1.597118830327645,-1.626149050815282,-1.5867734651924983,-1.6398199543636132,-1.5674797296891667,-1.6696822153526631,-1.5140121399668776,-1.7966108976715296,-0.4574770388432087,0.8398818962041752,0.5062853110135579,0.7131419834279963,0.559509740012074,0.6836021424126723,0.5783944334113235,0.6704334761214518,0.588136675681614,0.6629095464671084,0.594140670663386,0.6579932803705507,0.5982512815862807,0.6544961936367428,0.6012704172455452,0.6518564401162087,0.6036043370365198,0.649772192957576,0.60548271407026,0.648064827011318,0.6070473713724648,0.646619415093669,0.6083934380372191,0.6453553708047295,0.6095910071044709,0.6442098078849059,0.6106986178604191,0.6431258117359709,0.6117744402661706,0.6420405573927828,0.6128903909424305,0.6408667350689089,0.6141587758169107,0.6394514729011025,0.61579984715098,0.6374578459428424,0.6183650440309008,0.6339059664714466,0.6237955799901679,0.6242864048385578,0.6458718815678826,0.5227167428840392,0.05295862638547908,0.44152886450427464,0.7318712636325048,0.7662751707802614,0.7295412391537157,0.7664069427137521,0.7300705899751899,0.7657472720456372,0.7307115556037758,0.7651655604001839,0.7312268174105936,0.7647135291111317,0.7316216601118719,0.7643695982599199,0.7319203537241086,0.7641112733287222,0.73214239343174,0.7639221287554009,0.7323014439227895,0.7637908641526352,0.7324068199863468,0.7637098226452473,0.7324647920850174,0.7636739000055556,0.7324794747235063,0.7636798309477079,0.732453395159697,0.763725738849645,0.7323878473750717,0.7638108603259686,0.7322831029104806,0.7639353882037809,0.7321385222722013,0.7641003996413305,0.7319525916636515,0.7643078516020063,0.7317228970241666,0.7645606366733879,0.7314460379687135,0.7648627007430465,0.7311174761016079,0.7652192321935402,0.7307313035713214,0.7656369417889618,0.7302799068146997,0.7661244653526998,0.7297534847610457,0.766692940711429,0.7291393564566525,0.7673568412693629,0.7284209533843444,0.7681352000886081,0.7275763242302535,0.7690534477330644,0.7265758603384566,0.7701462486131854,0.7253787294822187,0.7714620255424671,0.7239270786074686,0.7730704682421273,0.7221361931245224,0.7750756000125892,0.7198768943346856,0.7776398752230488,0.7169419503649533,0.7810319624458377,0.7129765013034622,0.7857308068056066,0.7073174403998863,0.7926830181517948,0.6985616447898155,0.8040700495624216,0.6830960977771406,0.8264362224341185,0.6472757225608573,0.8970743411496834
7,2.542427502192646,4.112145809086427,3.623288342848526,4.0123385326559955,3.6069440657199308,4.1466946020837225,1.1456716963937608,-0.45111463283445913,0.015930304628194142,-0.23308112739380651,-0.009814259415417293,-0.0756739122944164,-0.005448473420263756,-0.06836622117010473,-0.004347158872575816,-0.393805814973445,0.26756444317617434,2.372453892992442,4.245940696843778,3.5352268612259325,4.176670081600349,2.694152820885973,-0.5338316905418841,-0.33449482544708664,-0.4538642049089655,-0.3781872037837395,-0.4297680777696142,-0.39332671476462855,-0.4187013874959532,-0.4042090973069696,-0.3863287034293898,-0.2967755748464489,-0.3233827313798771,-0.3030595621243207,-0.3199619778664605,-0.3053363213317782,-0.3183030360448007,-0.3066044866045004,-0.3173064377080344,-0.30739993434482926,-0.31666755073491,-0.30791141294947894,-0.316264651669788,-0.30821671351995855,-0.31605301533693453,-0.3083308326910949,-0.31605097879265226,-0.30818828795310704,-0.31640623570950266,-0.3074679170390573,-0.31789317909050735,-0.3037699948693334,-0.3703672839013087,-0.40162377637150964,-0.3953826391117995,-0.3976270817064061,-0.39700338187452183,-0.3967740670716791,-0.39751436093862746,-0.39644361497415814,-0.39773889264975515,-0.39628589860058033,-0.3978521831658275,-0.3962033526611662,-0.39791277055600593,-0.39615885831731884,-0.3979452092338643,-0.39613562886817855,-0.3979612729908332,-0.39612524539133365,-0.3979670622657042,-0.3961232584222611,-0.39796581505976936,-0.3961273484408229,-0.3979591272251058,-0.39613651764692864,-0.3979474718357221,-0.39615078797896613,-0.3979303202034268,-0.39617125230294226,-0.3979058999791032,-0.3962005597178475,-0.39787036184831875,-0.39624429075776424,-0.39781550107447283,-0.39631483787547267,-0.3977218440489347,-0.3964445155672855,-0.39753160250905917,-0.39674827714446553,-0.3969754571741504,-0.3980724284283011,-0.3900044970875822,-0.35706884559985985,-0.36200763141630377,-0.358007094673493,-0.36153789777243434,-0.3582744241666434,-0.36136926632504135,-0.35838794370135624,-0.3612897015996025,-0.35844499919168776,-0.3612484431104923,-0.35847464719732636,-0.3612276656140138,-0.3584884173550151,-0.3612195963948794,-0.3584917244292301,-0.36122036361333054,-0.3584873944143156,-0.3612278721156601,-0.3584769978259821,-0.36124093725387324,-0.3584614290774585,-0.3612588875910928,-0.358441184755358,-0.36128136645696335,-0.3584165072636431,-0.36130822672357377,-0.3583874625805023,-0.36133947305165987,-0.35835398318215517,-0.3613752301580961,-0.3583158911767236,-0.361415726412865,-0.35827290933447214,-0.36146128718641296,-0.3582246640972428,-0.36151233493741913,-0.3581706828042941,-0.3615693943570649,-0.35811038643275733,-0.3616331015207883,-0.3580430787746878,-0.36170421613000675,-0.3579679331021243,-0.36178363548576753,-0.3578839782164599,-0.36187240743400295,-0.3577900879792866,-0.36197173614736106,-0.3576849835544487,-0.36208296680131447,-0.3575672695304187,-0.3622075167788314,-0.3574355538636259,-0.3623466754396254,-0.357288775120628,-0.3625010734620437,-0.35712706440705766,-0.362669269859304,-0.35695409913088744,-0.36284374158995625,-0.35678413630552364,-0.36299812244776936,-0.35666593217244574,-0.3630425200577236,-0.3567409240716699,-0.36349295016752464,-0.4289293604667731,-0.4576814239531778,-0.4407410015431314,-0.4561307390347525,-0.4407594801330687,-0.45673264168422933,-0.4397429277164375,-0.4581339404078041,-0.43790545556914107,-0.4605295710062708,-0.4347323129333394,-0.4648713546233066,-0.42847678746168877,-0.47463939230433294,-0.41103727120132394,-0.5150515569413445,-0.2066122419230219,0.8764566637808211,1.0062374982258768,1.1258382627521881,1.074292467917855,1.1086626760009022,1.0838850754056581,1.1018776258098169,1.0894471775241141,1.0967339029417507,1.0947490417160366,1.090696249190631,1.102289110606492,1.0804073602742834,1.1177072689256695,1.0543952925562319,1.1730482984061767,1.1545853668458352
8,-2.1030258697284396,-2.151253405274395,-2.1140287313052557,-2.1449236262418334,-2.131855219389224,-1.9853068266777012,-1.901030485447445,-1.9427697086592517,-1.908984793844426,-1.9400379203712432,-1.908748174931662,-1.9451852687498343,-1.868175648849263,-1.7629425622381572,-1.7636644012841243,-1.7683314714719407,-1.7614994303448133,-1.7693910349302773,-1.7609055115361627,-1.7697705164976323,-1.7606196643262528,-1.7700329538710478,-1.7603292794414789,-1.7704009839389983,-1.759820302126168,-1.7711509587905876,-1.7586424837440906,-1.7731670770929433,-1.7546736162146181,-1.783426844760982,-1.6910994890612228,-1.4634326168675331,-1.5078361945814818,-1.3532344214549488,-1.0754218944360576,-1.1649031678659185,-1.259737732364505,-0.7784548781793841,-0.43649640061050005,-0.34724622535428806,-0.39080198242873554,-0.21840806573411384,-0.08730584279675695,-0.12167721425692408,-0.09919622302086036,-0.11732995524801627,-0.10104081353038083,-0.11677293903081824,-0.10060872253539284,-0.11838356897565504,-0.09684629283700555,-0.12835392376056187,-0.03668810069796421,0.20714942820688764,0.19777649764397698,0.20417291745769792,0.2005318079760622,0.20247444975802167,0.20164413999241532,0.20170317639946103,0.20219370070750856,0.2013411908693784,0.20221362627710335,0.2038189033234423,0.28178577616687994,0.2876508106156208,0.2863208799186231,0.28653130537436017,0.2865365852432863,0.2869728299700122,0.2844737657573704,0.30337812372454037,0.4318025418801254,0.506871976405107,0.5065663699871157,0.5061992438137303,0.5069171267257723,0.5057559900022999,0.5127950132564668,0.7226882792474562,0.7676832378893026,0.7502043301120915,0.7633465213345185,0.7552881239449062,0.7747082839280398,0.747999221204621,0.930564593414169,1.0774901815668656,0.7564256708860156,0.3923272955285416,0.5027773660087791,0.8254811209965189,0.8738761691473727,0.8562926598510647,0.8698475966068854,0.8582999939125368,0.8767012490609037,0.9975577564816617,1.136905809986155,1.0259143036588945,0.716144290173429,0.689891319131768,0.7041520098646828,0.5755181821879615,0.08359065856258836,0.042735800390733526,0.038783656275708,0.04194750445709098,0.04040455160834507,0.04028432218018528,0.042115980194637116,0.038343958679393046,0.044657570261153696,0.034212426177508866,0.05533159401729643,0.023419304046003488,-0.034774794695484404,-0.02426750057845157,-0.026218243851764744,-0.02831219765244762,0.21911280460134935,0.4206839029460928,0.41636024763233925,0.4295591351229639,0.5257013614065075,0.6067898475377511,0.6853790375242409,0.7552344599178145,0.7421496130400425,0.804845729713302,0.903364729107173,0.8853409729803011,0.9116142035734551,0.791945059995932,0.06333485490205447,0.013061470956245519,0.00576032207341814,0.023090887734487028,-0.002922219776181837,0.0915312277901352,0.16722295509383003,0.18029145043184114,0.15882641191675656,0.1930996659627385,0.14578242284079468,0.9443005723957874,1.3520132616622693,1.412549009703309,1.5370525047707049,1.4595274193663303,1.5271110091319755,1.458399365158889,1.5434675637772977,1.3018141156633096,1.0721886986183062,1.062269273628957,1.070079627984812,0.9384617970859063,0.6060093226078022,0.6117135279228976,0.6030046387776197,0.5635068295487786,0.5494785368145993,0.5452619617528056,0.5407357939559296,0.5280884655121231,0.5201138081992203,0.5079601727485271,0.01737752895060207,-0.059991962254309264,1.0951406064814595,1.3775341398862437,1.4694652258170215,1.3969389595344222,0.6750463240489271,0.49112354922108753,0.26971869188633724,0.29330576309376594,0.2799037014631823,0.3225111082443147,0.4012298008826933,0.3669069161973957,0.4323887528484806,0.5995563478618007,1.3906368425247873,1.3405633154139003,0.38517139730976774,0.1848285764643838,-0.10395556761975086,-0.1020077409710687,-0.3475314951422859,-1.8477477281261137,-2.2109277817722655
9,-1.1813474855316848,-3.8441276739736736,-1.621755655029799,0.6729234231268658,0.8826309538031967,-1.0052689294454873,-3.3690557562076675,-2.884690647433501,-3.246708361278739,-2.677729081303376,-2.1930607580396924,-1.9035089739553437,-1.9781778389415021,-1.8438808970566174,-1.960642225534319,-1.8294879440932372,-1.440941469882059,-0.8631591261752909,-0.8713729552534327,-0.8794732757532212,-1.705565159790877,-1.196964823121844,-0.40148488347308764,-0.24645506399804715,-0.613307355742762,-0.6185605625259541,-1.2182451447853493,-0.4998459593432314,-0.006442332615647497,-0.09811984484297445,0.04308634378681216,-0.5110313189193572,-1.552645883204996,-2.285593978866375,-1.9357898160460765,-2.2218177352990565,-1.8870836844761147,-2.4520283877919504,-0.7746392022545852,0.3636104070669615,0.10716440738566277,0.20844468285336248,0.23724810752181308,0.4389797093860406,0.400953945925,0.43982236234584327,0.5991459135856964,0.12885046738075534,0.07660025446588042,0.05569374440587137,-2.1369281995739953,-2.187446855185237,-2.1761551674595467,-2.2788203136659693,-1.6184136185488438,0.25570811613660455,0.1965350368285741,0.28812044278579985,0.1452101661558844,0.2822566523370568,0.1494412715480178,0.28087027356737676,0.14798604314963423,0.28521312024383977,0.14076546874478152,0.2934831816216624,0.16424062825857697,0.3943935648390295,-2.369555667625799,-0.33746259711560095,0.9033735427178999,0.6139240074005509,0.6802292938528327,0.5441620290911077,0.6699628103634189,0.5611794166689306,0.21824725331638054,-0.19265675173085947,-0.1338962262014951,-0.18352852200778183,-0.12015755551702378,0.43693134790086047,0.6319623106316036,0.5116525852735576,0.47691715039437205,0.4582949916156317,0.4777814288352913,0.4596182144721173,0.47605935706277847,0.46145344365304913,0.4740846115184317,0.46376474628700487,0.4709449509529744,0.4692007712120763,0.45491369293510575,0.3944382701504527,0.5920508171555704,0.6160479810602225,0.7254631214077026,0.5296994160704617,0.6481066429162683,0.47995704963153796,0.5223727051716512,0.4279588160626378,-0.16261140859365836,-0.06820688287845975,0.3011652820241658,0.24330665720283026,0.4020112059420991,0.4614662715191867,0.4600831798987421,0.4162986641606326,0.44858405994662226,0.5683513377667769,0.49291247988728715,0.15592958186425898,0.09674942152847511,0.15710056059283903,0.27642799430978493,0.26013951273066144,0.3067588222816115,0.37227273368978986,0.3474568826983602,0.3945407854286256,0.4687766779051589,0.5742764102584581,0.5234643324350237,0.6012429840785749,0.4748708084297834,0.595998288695155,0.3435122903548751,0.09009985577398084,0.30278697371239605,0.39560428502859796,0.40463486348353944,0.38402147592791436,0.4255868322564896,0.4557843645174361,0.4774111390271415,0.5011546147099134,0.4813827284661563,0.5446397955716242,0.6098987851028735,0.6055590052028034,0.6046731911099511,0.5946934117635532,0.6192463580519915,0.7355723192239403,0.7339773093209979,0.7403596423093287,0.7349299544362751,0.749545158852315,0.7415157959345929,0.7461201490148741,0.4890636616965669,0.0941446958670596,0.32194201759430147,0.42037896738380215,0.41106850366629294,0.49303759247212214,0.4808769625068403,0.4042946206958913,0.5596070918046048,0.6261253026002577,0.5109854141502354,0.4292225663205931,0.45491229500144326,0.5405861890678721,0.7396203669322402,0.4092221685082911,0.6079111883001558,0.7619924306560052,0.7431397717186023,0.7426656548119249,0.7540190714179791,0.7316439894502449,0.7728519887776609,0.6480801682559696,0.6280523893406292,0.6951122567365139,0.5847587535257842,0.7169611049304768,0.6971662481500365,0.5988755443244231,0.655572826231382,0.7716044030491536,0.7297913614580442,0.7561976128638093,0.7417960262048086,0.7411121573246584,0.7670357565035424,0.6881776948914088,0.9132164434320269
10,-1.1925129010111863,-2.3080077299744937,-1.9798399062821392,-2.038174769048422,-0.007378765830781259,-1.619513619659301,-2.115205469079475,-2.050345889844792,-2.033871904702783,-2.097587549360353,-1.9824233060018066,-2.19495607778709,-1.4725883841630003,0.613911819638353,0.26132599119883515,-1.9322667076350437,-0.4554388297706098,0.27843575875650184,-1.6863385436450764,-0.6030622467956999,-0.9041018471579468,0.815275929046878,0.35515770374171446,0.5882349245183427,0.23479182458888218,0.7696379797414672,0.34554024245770926,0.7666155497300432,0.32008259313106024,0.8219880478795296,0.17251219410025512,1.0366655561836398,-1.2485747602840176,-0.6917887678730543,-0.9856805510422961,-1.723131682483162,-0.41045999329467003,0.1618242428572406,0.7551731328195023,0.4165752045925752,0.670034849973916,0.4665764335866487,0.6359121056759486,0.4916403329978915,0.6166403008147663,0.5069433991303471,0.6041888710320475,0.5172725616719266,0.5954829335253801,0.5247093411918367,0.5890566642128711,0.5303186610369888,0.5841164534637682,0.5347046850004084,0.5801938984343195,0.5382363651678488,0.5769942864793296,0.5411520801470683,0.5743226022144448,0.5436130446511942,0.5720442695980077,0.5457326379239754,0.5700629156378982,0.547593494930023,0.5683070625612353,0.5492580003343916,0.5667217453094314,0.5507750777483805,0.5652629250470441,0.5521848759503348,0.5638934593800186,0.5535223511186819,0.562579771605213,0.554820554508497,0.5612883501044634,0.556114707915053,0.5599805216840105,0.5574495923334046,0.5586009737783794,0.5588991001985771,0.5570411333118355,0.5606422615808372,0.5549635494243622,0.5607075705275528,0.5321069233780495,0.5263985789812996,0.5500811759539145,0.5569441332265505,0.5474247910561743,0.5595659677052218,0.544819091692535,0.5622946274454373,0.5418581286715124,0.5655949214809397,0.5380928637063315,0.5699901099005562,0.5328347723821589,0.5764601193253478,0.524598291686415,0.5874063044262272,0.5091940703092684,0.6109044673882319,0.4687416274488686,0.6927661535887932,-1.3576715803182142,-2.2350185892269203,-1.9745756035083133,-2.1273202894106547,-2.020598709486843,-2.1013375221999646,-2.0376515666976793,-2.088967520106081,-2.047332180531165,-2.08089465123496,-2.0544619386622744,-2.074242707268567,-2.061016765199733,-2.067410354765941,-2.0685735303795334,-2.058498566947654,-2.0798336903871193,-2.0435433634121076,-2.08954500067326,-0.8901735838163272,-0.6074018474981069,-0.6531212454025167,-0.6973271585927803,0.1282177961879767,0.6682819336827531,0.49087197170453395,0.607415198672961,0.5210563289561883,0.5859675653231272,0.536254206746777,-0.6501512501619894,-0.023946267205270818,0.12688989128565117,0.0066713555659999035,0.11093061003677876,0.012473818793413438,0.11238334309350682,-0.0003416860222053736,0.3639482210457184,0.5547392644237288,0.5548145824139885,0.5347316461054511,0.5622248440341183,0.5312591205651406,0.5640202985959081,0.5302999076636072,0.564522281697688,0.5300620842048414,0.5646030215246467,0.5300751958438236,0.5645352699581241,0.5301722712242007,0.5644258116680945,0.5302823711875465,0.5643235253431975,0.5303704698046466,0.5642547010691363,0.5304156679546479,0.5642371598688251,0.5304014995712237,0.5642874349898901,0.5303100258384108,0.5644263280481977,0.5301157632889167,0.5646865466223485,0.5297748904306971,0.5651294630470227,0.5291969716112246,0.5658970531114574,0.5281395285731678,0.5674561812711577,0.5255169350262271,0.5734557010053912,0.41305397620465417,0.5449297577004676,0.5219805151694608,0.5528621631107259,0.5180764693047231,0.5559698171453538,0.5149852768278022,0.5594439816285751,0.5107742706329311,0.564836853487863,0.5035245169172726,0.5750937118571235,0.4880838287433156,0.6003998485301928,0.4407778264212087,0.7125059118226673
11,-0.7740279820512601,-0.9047878677085237,-0.8218317229664719,-0.8888576336045393,-0.8321758672419821,-0.8813367999461514,-0.8379482533923078,-0.8767510513224487,-0.841682913247406,-0.8736509027952152,-0.8442958467887091,-0.8714210686558244,-0.8462184154256386,-0.8697491841849012,-0.8476826715629204,-0.8684592597372651,-0.848824352314804,-0.8674451744074416,-0.8497273010743359,-0.8666401969172831,-0.8504448252527849,-0.8660017915383453,-0.8510105867962712,-0.8655038509024887,-0.8514439751170834,-0.8651333269961051,-0.8517515431583983,-0.8648910727782434,-0.8519228129248791,-0.8648020326479834,-0.85190760611189,-0.8649673946813762,-0.8514847637808894,-0.8659434659796432,-0.8489227752861008,-0.8754305267536217,-0.7558158467962873,0.4618285001424735,1.1653414689031716,1.205246689811266,0.8410306414307935,0.8010950120717771,1.1812230032421034,1.2048607995754193,0.612202201944564,0.5880989808860533,0.5398691021541309,-0.6112399207202446,-0.8910953657031353,-0.795585550363253,-0.8588976480954904,-0.8085038371433875,-0.8523249154328034,-0.812112520051266,-0.8504277065121011,-0.8128475015550666,-0.850605012828378,-0.8118473250587322,-0.852453257264025,-0.8090092239912554,-0.8565883981201134,-0.8029707100599364,-0.8657830428068133,-0.7877779067473749,-0.8908559639137363,-0.19939453699187332,0.4165337631800163,0.36119640715174334,0.45265837665839503,1.1467155217462863,1.4814715702816577,1.6465161108022897,1.7000286035784404,1.7309604312039322,-0.17460688226919638,-0.9377895711020277,-0.7115875989056499,-0.8531149035687681,-0.747271620068644,-0.8333289344007169,-0.7598746200458504,-0.8246054704333636,-0.7662504427653474,-0.819768065689227,-0.770017720658122,-0.8167811724483132,-0.7724127277835232,-0.8148507220411544,-0.7739669765380369,-0.813610352359602,-0.7749375993440036,-0.8128786675761176,-0.7754508604588639,-0.8125717971865772,-0.7755558219909142,-0.8126716160187833,-0.7752404721887463,-0.8132225115537769,-0.7744221710134832,-0.8143563791501817,-0.7729006006950465,-0.8163754274951401,-0.7702108807201308,-0.8200252667517675,-0.7650738392593349,-0.827741852984441,-0.7519919984263027,-0.8566140264801791,-0.5418968670312425,-0.019980137661591606,0.24440031604203602,0.24967147366170034,0.3634131180723238,-0.1999464603316759,-0.9448803745950372,-0.8106006437541251,-0.8903011836491699,-0.8351450991225946,-0.8759401751721034,-0.8449879525351776,-0.8682807376805537,-0.8517707442670943,-0.8613049742183924,-0.8603009809328144,-0.8489471762908819,-0.8719223993068762,0.027106013033501082,0.620805038477692,-0.7148534938359068,-0.2231714585098968,0.7479008557346497,1.0686077214693162,0.8311269310838966,0.3119269793791479,0.32211261128950236,0.34829860612953106,0.3215504966495755,0.3563867717448177,0.31027114237414843,0.3758736691881352,0.2652469621133791,0.8693661632862697,1.440428978141033,1.30340672890327,1.4745688174320166,1.6706998930054056,1.6573284786860045,1.7077223418633711,1.65610168149945,1.7501793586517662,1.1259568499465957,0.40777993863624307,0.6022407187303638,0.545024091400734,0.606991213966988,0.5569114948881871,0.6073773903222751,0.5603679398412303,0.6055413588337003,0.5610012905663649,0.6062020929596251,0.5584853315700578,0.6123315687741763,0.5419246984351492,0.7738326713842597,0.9815720944900108,0.994127335985215,1.6345463842142576,1.7225921865338554,1.678305182775026,1.7367421770112732,1.6940191108962772,1.7332963112276323,1.6948766773304467,1.733580492315766,1.6938917367590887,1.7351140152360118,1.6918414600075065,1.7377190495381512,1.6885855828422407,1.7417880761173417,1.6834482533784274,1.7483963183781779,1.6747100341394399,1.7604109387322153,1.6572424433100825,1.7880237619798667,1.6071519864192747,1.907126941504172,0.8724548126111824,-0.9548524723234696,-0.6895359564190748,-0.8429984824495428
12,0.0018528426517134312,-2.1871083169463166,-2.4239990333102988,-2.107537634516135,-0.40833972612829444,-1.6147086237310413,-1.5676343967581159,-1.6147522731113941,-1.7460638827417554,-1.860389003849197,-1.821258012694296,-1.829671376244457,-1.8344386231743925,-1.8139862405008391,-1.1493834910633889,-2.2309740794669097,-2.017757780335665,-1.9822259042621815,-1.5590238132197762,-1.466397833547519,-1.3869002194887987,-1.5019165994649923,-0.8326752268110312,-0.6732169179562928,-0.5245302558995748,-0.15750311966738018,-0.3376893334871949,-0.030199702286293918,0.36669063336829244,0.34875794284426687,0.34474479032106564,0.35156095643082713,0.2983320821148222,0.32969507586396135,0.29449489981788984,0.33551260007699035,0.286191838927462,0.3486309324021023,0.2597216699569997,0.5199733520340593,0.669390525343159,0.730513943084238,0.6923542517325881,0.8790019816242433,0.11451518214377393,-0.6538417656692928,-0.4859862739429831,-0.5704442753835349,-0.5389737140282613,-0.13400722341906995,0.1628267935582834,0.04458715524215139,0.12370364878694808,0.06756526354712081,0.09503780931286872,0.1958161617424155,0.5266452674963374,0.3957910505407666,0.4990020928988547,0.30283400935251653,0.3766115429400302,0.2770040104179093,0.38953816521045437,-0.11348555872342393,-0.3068384762592636,0.21946377791606425,0.36251000951885803,0.3553784874454685,0.35676136387017776,0.3552072125874714,0.3573147622102745,0.35448103955836835,0.36486810685467075,0.3554292869510873,0.3297570180022018,0.15280683171707185,-1.0833011817139775,-0.7643841493122236,-0.7165304691081907,0.10820998372044789,0.47666803614584186,0.12710518036224494,0.40691301587074696,0.41476930119627864,0.596398682985454,1.0066752870961388,1.1449083870019412,1.092062708126178,1.2949005664080637,1.2822868120633586,1.3452489345896637,1.289493981116232,1.3674790431918962,1.2668089491480672,1.3695082699785361,1.0627547090308946,1.3156970160923327,1.328747383424385,1.4009552988315026,1.4839253736768132,1.5199006309233516,1.484196313028547,1.5382800448145044,1.2803169226073745,0.5996183815821247,0.2270181511780041,-0.6140750563738131,-1.0172111267237243,-0.6474594648919838,0.25655526824110503,0.17179054576648298,0.21213248997788192,0.31812434116688965,-0.08599552752971869,-0.7898049222293105,-1.5727557212162142,-1.9230749232759634,-1.8462228679769266,-1.6886882892370343,-1.154945059443552,-1.2488217689230154,-1.1785822376475803,-1.2346497861130377,-1.187304871581284,-1.2108205720191618,-1.0493006911038996,-0.6052807782991239,-0.572927317595911,-0.5421238636415864,-0.7445508608303498,-1.1799549061937669,-1.1529333863967806,-1.1751935100091215,-1.1681982347929043,-1.105185630460432,-0.8234647687623305,-0.7699921127568227,-0.6556154851736486,-0.5762313732010619,-0.5266478193211352,-0.34472163518369014,-0.2403497315632292,0.24761606191767313,0.5668408069787215,0.43347051281516635,0.6968875402277603,0.7866892055688954,1.0196753681461344,0.9830127677227347,1.0209936675403,0.9781152213689944,1.0240673020635094,0.9680014381625385,1.041238198337861,0.9940328576870029,0.9803565701739346,0.9644056115329357,0.9882360978086336,0.8280565613056872,0.48928086268944754,0.10585695638383788,0.1269604066436537,-0.1954014668295657,-0.22923698339728157,-0.510499358725189,0.1715891783130921,0.6216393297330692,0.47459660480111127,0.8304838030246955,1.1457260362478185,1.0584617052476675,1.3632540662099542,1.606033786964485,1.5648247415628702,1.6172798755764672,1.2890735830585163,-0.6745491706867519,-1.0544120764852312,-1.075661834264485,-0.49077392932927955,-0.025632726316005872,0.1283589478570872,0.2966713197058067,0.2461525308226291,0.24721599885586296,0.5527935312162341,0.9707814861059904,0.7965098460212622,0.914529730699779,0.9105509429888375,1.3518686446312702,1.102222304320619,1.4505879679250475
13,-1.7144648716720514,-1.4520376533958423,-1.7435187918904869,-0.19730357185561637,-0.67718336337083,-0.8067799020617396,-1.1860655874727704,-1.7040936244540386,-1.5477990589418564,-1.6509798122683361,-1.5728311111712119,-1.6361052922788837,-1.5827647341904896,-1.628976575313371,-1.5881417650982033,-1.6247668710762388,-1.5915362813853033,-1.6219617611106865,-1.593904079701661,-1.6199244627644214,-1.595688745137653,-1.6183335777882275,-1.5971320421150645,-1.6170000386029153,-1.5983884058943698,-1.6157910321993665,-1.599579368111411,-1.6145868892534845,-1.6008328759492034,-1.6132384480335296,-1.6023383798551032,-1.6114844610078476,-1.6044860342034875,-1.6086935235405833,-1.6083829494137178,-1.602863413108235,-1.613515962055547,-1.1919670399764317,-0.7263960103653955,-0.7233642961458286,-0.7192405442514243,-0.49037660737046007,-0.34161327218344295,-0.39930870996557116,-0.30470895764859957,-0.3390488664733365,-0.32949241863609624,-0.35928458196337953,-0.333092514188459,-0.3548763060093961,-0.34913510229304895,-0.46645567625576934,-0.39099241829194964,-0.33459166735328294,-0.22008659274947143,-0.25531032654310143,-0.22171983102598228,-0.25403012615068415,-0.2224777384581638,-0.25356027063696795,-0.22279169200273838,-0.2532999101226741,-0.223133908392959,-0.2525687313961172,-0.22546093686832178,-0.23216812829266423,-0.040659677408337945,0.3628070486662528,0.6180429564438434,0.6622524309490551,0.8382203167678467,0.760635607017947,0.88584711322806,0.5165995375402915,-0.3852375711765676,-0.4671877738016974,-1.5576178081786503,-1.4980880786601884,-0.4894569237704133,-0.22995930060004316,-0.08144693356275434,-0.11026664595443418,-0.06727824618302132,0.01259144357424263,0.15603921583782018,0.5396745586937077,0.6881946506934812,0.6091668796662034,1.2585738816692502,1.2659385455334582,1.2098103508358877,1.1948032227866228,1.0561807952684876,1.096015133308443,1.0963039382479998,1.0848179996778131,1.1087910125518365,1.089584631595666,1.1278514509907738,1.0770557422077964,1.1448212599268135,1.049557962948285,1.2048422994665593,0.6730861453760859,-0.2014247178616758,-0.15527536760608499,-0.1347888991145872,-0.3042197025497879,-0.11821134753910716,0.2890973664818869,0.13627841357775303,0.24815383601146382,0.13477770512425266,0.7153225586443409,0.9441770521448339,0.9864338620360663,1.0301058467953257,0.9825624821207413,1.069369368132952,0.5324855229383202,-0.18835465935777634,-0.3368707486566928,-0.470659221729399,-0.37992297604717057,-0.5719938258323164,-0.1408321737302612,0.3455223871628149,0.5398584435536496,0.25656427166058604,-0.11585591057680528,-0.415592585071005,-0.36056449072556934,-0.4047717472589934,-0.35181243705730225,-0.520229698456064,-0.8915102837214506,-0.8787897827269996,-0.9474109711808647,-0.4665161931040626,0.10240451821973676,0.5382230392534403,0.875626317765132,0.8468812752693211,0.9812238193633103,0.90307524319395,1.0488449713737893,1.2787185216448065,1.3250064343627799,1.2900904391086134,1.3264297417159807,1.2882569052798005,1.3288071330432958,1.2849037881313232,1.333803593656294,1.2774099660886944,1.3342687583567086,0.5382503655628311,0.17937150288515202,0.1353662236674118,0.05765903156482096,0.060129434242797396,0.07013165894186672,0.047690417922964905,0.08768920649650752,0.009428242977773055,0.39070628439818694,1.2034642855296753,1.205737575717526,1.2222081670224199,1.1627982862547608,1.1944948929768575,1.33907427323583,1.38384786506394,1.3615831894839228,1.3783789847134034,1.3651193338266763,1.3754116956910931,1.3489257188399388,1.1626356952171257,0.8811664730970706,0.8353131468611641,0.7096111178804403,0.9383168403855432,1.372741540311598,1.4221229866486822,1.3931735646986694,1.4288310928090142,1.0726456821571715,0.6695347543533346,0.4599445687142199,0.2086827252253753,0.2825580483813068,-0.5806993884839816
14,-0.8148913744953579,-0.6051473680182556,-1.6735109623173021,-1.536719291934714,-1.6243760123098938,-1.5909181589196368,-1.6082037123510182,-1.4512858683006147,-1.5176988014911605,-1.4680452297311388,-1.47846543584724,-1.3577388443560763,-1.3303760874168868,-1.3020309640955599,-1.3222530796610148,-1.3073015405983353,-1.1496488759838384,-0.6196242346498896,-0.45728359332736696,-0.48167457672021036,-1.2383574464995193,-1.4776108437746642,-1.4744089409837162,-1.4900901762285075,-1.3004938830316686,-0.9380818821465803,-0.7633189426966801,-0.5212517347212966,-0.3729140205367354,-0.3623358363558939,-0.40577333395152465,-0.4177983569687676,-0.2628934751907621,0.3136566603910811,0.42594172630647825,-0.4722273237337024,-0.8041353455241207,0.8259072086438324,1.1817674065949089,1.030535738110103,1.0056508933672763,1.0172094813789192,1.0097330764774666,0.9766762693030059,0.9974694734816109,0.9708668056227862,1.054693385025317,1.1148084118763197,1.1085459751843096,1.108338735804212,1.1112573547101843,1.1068253534765036,1.112240215257779,1.106125822657066,1.1127643646627094,1.1057282659892718,1.113052464706493,1.105555204675321,1.1130816345211287,1.1057311270217138,1.1125851387375327,1.1067672458595885,1.1103345633064716,1.0735993204241576,0.6139240666449628,0.48464379701380333,0.5425043116385764,0.5819251514314557,0.7198848565708063,0.6779163660570945,0.7863567158865438,0.7987930295312287,0.8439417563858679,0.8471160977389145,0.9814305996432485,-0.3090915738352265,-1.4794384879993605,-1.3436903537906653,0.8299152380350041,1.158407743044389,1.105341857843201,1.0209484614601043,0.8551175252885201,1.1822465853103492,0.9427318535750746,0.9586614893698261,1.0072671753223639,1.1192008739929242,0.5790291493078409,0.6736384502871132,1.0498463491566545,0.8271831971764106,0.6374696231824271,0.30427838112642286,0.31266304540473894,0.27425161509025003,0.3225001146552509,0.4397719507500151,0.6683436536236698,0.7151852518075409,0.8916777795692812,0.7945495579183577,0.8678742865914568,-0.27462958664111004,-0.623684311091265,-0.838391865632771,-1.2557389077003358,-1.6931206054122534,-0.3387698390653341,0.15001071765257762,-0.7503137668384964,-0.571027882137424,-0.7233441648615383,-0.8119750666263027,-0.9606475351031222,-1.051863494608519,-1.2227831739272106,-1.1254335084770086,-1.2029150736376157,-1.1373342403896152,-1.1958149107195297,-1.1530580024815928,-1.1884328369359394,-1.170260941234234,-1.0073834209159196,-0.6370154189828066,-0.1739192119459703,0.14541477436404449,0.24648338814822354,0.47509989824413557,0.4443504229614986,0.4936374017179637,0.4493593367094483,0.49289736689576225,0.44985080947152273,0.4929037015919782,0.44904896367777614,0.4952220578972867,0.44264002919493256,0.5329549966751963,0.7273359859373296,0.589040394316173,1.0831962932104047,1.1278573076370677,1.103904922257275,1.1262509101630325,1.104246127213223,1.1258664627494555,1.1050470028356802,1.1242018548373796,1.1086394636962833,1.1153461064492705,1.137980985206671,0.7273346576470032,-0.8642717970227224,-1.370626447707398,-1.3616049447386998,-1.4223565248922119,-1.5018214015884759,-1.5835413232657425,-1.5775821824941423,-1.5737917804560595,-1.5840761948519486,-1.5664215308640663,-1.5994640671682991,-1.4752550836368805,-0.9061984287523893,-0.9086882680421022,-0.9113449450104303,-1.0957933904294124,-0.05652576427915232,1.123967043681651,1.0736128423882296,1.1393597310360366,1.0884957778481557,1.0529184517784975,-0.2504880753722635,-1.1051080608168353,-0.8170016757509041,0.04365850315744717,0.18645916849997307,0.24738793422755706,0.16496430215494062,0.36862941892641893,0.9984476235119065,1.0814360465524044,0.9995142593783316,0.6594782295376997,0.5369358663318351,0.21090935722037232,-0.6027096956016019,-0.8728753434018596,-1.849773514590907
15,0.1426089870587788,2.090953770312932,1.689765098391335,1.5792319204343506,-1.3962566420736229,-1.6144229270000792,-1.2791109024310636,-0.9391215763187046,-1.2168727138591173,-1.2778439513997937,-1.6236168726114348,-1.4302841196101719,0.12861301272399026,-1.4126289863722485,-1.377528108634097,-1.6018873865610392,-0.6853228077817629,-1.0666237421371567,-1.9414777855470038,-1.646174294414683,-1.5424701666656393,-1.6540219595308583,-1.7676815020106311,-1.6915384855470788,-1.6883328075432718,-1.6102515462131712,-1.6635654442143648,-1.4862239226913394,-1.5320532079135496,-1.4859148105769435,-1.529349961160219,-1.488412517050883,-1.5272305262293753,-1.4901305162410856,-1.5259042314128413,-1.4937906043228695,-1.8416745340365888,-1.9429789916951625,-1.6700280729411052,-1.1679528016211203,-0.6814239530320233,-0.6100094871129539,-0.6536309023427783,-0.61561493851917,-0.6510929638268561,-0.6170870924518986,-0.6501641974362434,-0.6176734832187158,-0.6498169590262942,-0.6178663090575665,-0.6496360574569392,-0.6184370080541843,-0.6473632284352601,-0.7603669730841538,-1.027152669290761,-1.011803667547064,-1.072613217396178,-0.9746211202900296,-1.2894577048934537,-1.7313126572970365,-1.43845248080405,-1.458805202903252,-1.475372053277896,-1.4630060530100275,-1.459509156720956,-0.3685145003195022,-0.03350368332604696,0.08684213361437916,0.3208044352173314,0.4238637660884607,0.40632576277671645,0.4128474764058508,0.41037610522629236,0.4106063286069551,0.4121003689548888,0.4088836006132438,0.4141499576099819,0.406156785500881,0.4181052045209179,0.39986653579570397,0.42946157224671616,0.3755094385590384,0.7473778374993384,1.1588765598565718,1.0615562648444887,1.1323892392582284,1.0630587958614106,1.1892045132141842,1.4481390684761337,1.449125508027423,1.4486181539992005,1.4258955949457217,1.2472113713920792,1.2647868787484289,1.2441419302083019,1.2648801946313841,1.2438723342136109,1.2655309815971156,1.242697644520826,1.2675280490299816,1.2391446645119104,1.2750144236164873,1.209853366794916,1.0786741486470461,0.6960236204978837,0.33189654603261065,0.2366418203067176,0.24197961174526852,0.2394921406196992,0.24214379939647726,0.23895947717976318,0.24264857120773117,0.23854866878892836,0.24296447926904016,0.23831623898100923,0.24312505384697689,0.23821838390709862,0.24316652089627236,0.2382295669022218,0.24310406031270773,0.2383441990430863,0.24293401453801636,0.2385755544660903,0.24263219764930555,0.2389612710528554,0.24214315220406732,0.23958190427068538,0.24134897055570834,0.24061405995528126,0.23997515608223574,0.2425074573162607,0.23722859744036406,0.24681756494703022,0.22950989626005144,0.2648216295817765,0.12441523976279678,-0.1738036496643434,-0.13074408295322565,-0.1545381331284133,-0.14788312620476035,-0.08567389175307699,0.10822968912539196,0.055305188738810955,0.09859225178265746,0.058089794341245254,0.1001632119424979,0.048313098111789146,0.21358893260876186,0.35847447345810135,0.34843061255952534,0.39094820949509035,0.5088787568392095,0.48588229912186626,0.5051663187940453,0.48763201173274856,0.5039678541438491,0.48877317616497057,0.5025809061939809,0.49079131243259766,0.49910642035201136,0.4981281513807902,0.3488218576593739,0.2545938266455765,0.2975931054074816,0.2637592773963343,0.2935657731312752,0.26621946613123665,0.29165865931279394,0.2680505862894031,0.28953315788417805,0.2709382254213474,0.28504337087478615,0.27896419326130983,0.2685466690940698,0.6993225115445431,0.9330571035332559,0.8342506199190588,0.9100202038114936,0.8438185683047139,0.9062808265096709,0.9820088094541993,1.0725964628120508,1.0102791437450351,1.0519090488178853,1.375386868671277,1.69104365842118,1.5113033030414318,1.6790693639266854,1.5051298581868473,1.6940589880976298,1.4905262778242463,1.5806192984250929,-1.8339009322396504
16,-1.6354808103126655,-1.9633689624883828,-2.389142532055514,-2.2691452200772693,-2.3056388560622176,-2.329624455930661,-2.1014847681823725,-2.0738776090539597,-2.3679311665629275,-2.2457335453418423,-2.1535042638328203,-2.1917070987770564,-2.181781173049687,-2.1875950835214435,-2.1499966561533546,-2.1759359098729747,-1.6007610544684074,-1.2967256135861096,-1.4311531303203573,-1.3404035624511839,-1.4147200688648798,-1.3481403921037252,-1.4123129531506904,-1.3370338429190203,-1.318856572283066,-1.2880907066711873,-1.3473430812940568,-1.261490535807682,-1.1814852981577613,-1.0167095373838357,-1.4508924810398505,-1.46245552599781,-1.620075949910184,-1.200923873433204,-1.0167721883527976,-1.6215039673164755,-1.5350980363230164,-1.3875507863999008,-0.8335944736878613,-0.8126014951936669,-0.6632818877031527,-0.5017884869804904,-0.267963975925414,0.15792142830589334,0.2882636137459319,0.3049714825514204,0.44416460730377205,0.5329597226933841,0.6769953404234363,0.5789595106224279,0.42822169756502876,0.421318073124581,0.39451108628802156,0.39983338035862404,0.40125123523242023,0.3957216128121952,0.4044852830969879,0.39244002289155855,0.4092792054796678,0.36805559484124395,0.3656214924739202,0.33619632685241163,0.25271082581303733,0.246135074234354,0.2826964038347029,0.43424441124373275,0.4455249743109402,0.5706217723900726,0.5511042356181995,0.5269109782224206,0.5395084980260135,0.5280467981504826,0.5398704550907929,0.5270274931955473,0.5413747738835433,0.5253285456654518,0.5365490014731209,0.3088411568241305,0.2824705145423404,0.2576156915431932,0.38630254995288327,0.6239548933469347,0.5780176360387911,0.6573654091195177,0.7070365815135201,0.6937151964239674,0.7487426713102268,0.7747780931007368,0.7691349398831578,0.7708258769850802,0.7712723285129981,0.7692339247083356,0.7726326554197795,0.751334380789519,0.7733383307340276,0.7668569844579415,0.7752678115872117,0.7649605762913165,0.7774707847053197,0.7622294410232259,0.7810522041944307,0.7572169387282202,0.788717456854368,0.7437403227769558,0.8198362810857227,0.4605286533855598,0.18774275632278867,-0.0025840537181655385,-0.11250799315730124,-0.05954870569580388,-0.09677017574391343,-0.06801324535624588,-0.0913997103022817,-0.06506499663902025,0.25988809864351226,0.35475374958653627,0.30991410651251955,0.34572734911232883,0.3125573517887446,0.3465050889617649,0.3064805832775918,0.40955332073540157,0.4763170561318196,0.4830489972883284,0.4616760820079141,0.5295396450230521,0.7314127805113046,0.7224887932721559,0.7275683599517864,0.7247539837863165,0.7268050224335362,0.7236777587710911,0.7392952504540474,0.775881053613489,0.7666214922382178,0.7741922194229023,0.7671941606514957,0.7739830403293823,0.7672404999837132,0.7740278322137152,0.7671338732720373,0.7741843096476027,0.7669311417411676,0.7744345402645622,0.7666287418877611,0.7747967868573491,0.7661957978645546,0.7753150768768626,0.7655726025191036,0.7760694031339465,0.7646515454354553,0.777206385097206,0.7632291098205402,0.7790152806972948,0.7608820423866041,0.7821379162740442,0.7565928055017787,0.7882819566267992,0.7472699619753412,0.8036754534917698,0.7181049694108737,0.8762302440062447,0.06697464567609318,-0.7054515567963702,-0.4806676188969309,-0.6374874871603653,-0.5012812880874596,-0.6372001407481016,-0.48153515837175476,-0.7026419704455364,0.05125703684219079,0.8497032948103123,0.704246365099273,0.7794308856808918,0.7333045753154772,0.7633551825976084,0.7438415453817554,0.7554874267402497,0.7504480957700299,0.74927697207839,0.7569548094429656,0.7417305609145902,0.7665778039691771,0.7282629556505257,0.7874716467234942,0.6910544160772104,0.8720069589026933,0.24419036424678836,0.2766207462106678,-0.1835095964986796,-2.2722131497811997,-2.16178094277192,-2.507562530427507
17,-0.3210472220131854,-1.5034320419727822,-1.1987186892314123,-1.384036714520221,-1.2485044629912183,-1.3566838747893606,-1.2657715198209507,-1.3448219247948103,-1.2743973296034814,-1.3382886793275752,-1.2794982783433153,-1.3342121299264156,-1.2828159783992734,-1.3314730171678195,-1.285103116187826,-1.3295463726923065,-1.2867369551363699,-1.3281542384935558,-1.2879266296709566,-1.3271364406480228,-1.2887966800320052,-1.3263949026517303,-1.2894251689012903,-1.3258669508580712,-1.2898627532748992,-1.3255114494865052,-1.2901429176458576,-1.3253011492902607,-1.2902877572921332,-1.3252182785399511,-1.2903113597979545,-1.3252519423114737,-1.2902218022363168,-1.3253966005622033,-1.2900222908358503,-1.3256512436460446,-1.289711717807526,-1.3260190708493567,-1.2892847673711065,-1.326507590485071,-1.2887316091408323,-1.3271291430087824,-1.2880371383483398,-1.3279019291770744,-1.2871796337025876,-1.3288517291675557,-1.2861285757586074,-1.330014662186208,-1.2848411532769757,-1.3314416262366682,-1.2832565865751444,-1.3332056146052835,-1.281286605507773,-1.335414249273977,-1.2787987378071601,-1.338232391118655,-1.2755852134116525,-1.3419256961773312,-1.271300695142021,-1.3469516783596847,-1.2653257614171167,-1.3541698271204585,-1.256435202291286,-1.3653737430535877,-1.241966304729432,-1.3842742269361699,-1.2203596680347917,-1.2039353212892272,0.4549273696146119,0.6641166683310957,-0.34001772479689246,0.06394691637220026,-0.008148772736433236,0.010506024044684923,0.06326120273436076,-0.1668397667605248,-1.1343123499812762,-1.429982375548596,-0.02146009385754224,1.3379208980458805,0.9877204264001229,1.216137612607782,1.0430128113578767,1.1843070060129557,1.060975988286882,1.123079089203574,0.6711192386932973,0.7280094104243074,0.657576510313222,0.725689387064467,0.6612440592803266,0.7220945469462734,0.664519394617091,0.7191653458055866,0.667127469474201,0.7168428554353116,0.6691989981529008,0.7149916596092064,0.6708560233686126,0.7135067763821414,0.6721871955276485,0.7123139484812302,0.6732544486189653,0.7113617118603504,0.6741003256798928,0.7106151969208846,0.6747529996682865,0.7100521871723712,0.6752292630149944,0.7096609690999957,0.6755359192519755,0.7094396555699899,0.675669746813986,0.7093969791950603,0.6756158480133196,0.7095549738744584,0.6753436650403085,0.7099546755829137,0.674798935418071,0.7106674657450307,0.6738875729433019,0.7118182978733749,0.6724415558433746,0.7136370000967239,0.6701395471967728,0.7165852263145756,0.6662962125829864,0.721719118541104,0.6592295261561305,0.7316025700113488,0.6504447593636633,0.95587154148852,0.8062167678426883,0.525421937747673,0.526688468621307,0.5736197974887213,0.8979372629566578,0.7844140827299578,0.8564520472147519,0.8035851986838467,0.8451248271989699,0.8111152516990496,0.8397561743123616,0.8151244341917538,0.8366626699340208,0.8175693335770509,0.8346954311068897,0.8191736241599875,0.833374183523113,0.8202691873489568,0.8324621090481276,0.8210294432197056,0.8318295109195756,0.8215530559965735,0.8314003114413061,0.8218992878058773,0.8311280327233058,0.8221047003924332,0.8309839588447823,0.8221916738722791,0.8309509383159563,0.8221729415140683,0.8310200702984399,0.8220539820506803,0.8311890302918051,0.8218341123939226,0.8314614714517597,0.8215066422246762,0.8318472954369047,0.8210581677254046,0.8323638332496995,0.820466844114934,0.8330382317487385,0.8196991748880621,0.8339117260732392,0.8187043381111041,0.8350472028349994,0.8174040242857963,0.836543007739844,0.8156734108674966,0.8385596025976509,0.8133030760555682,0.8413752273402562,0.8099154839442307,0.8455151101240104,0.8047577036143784,0.8520987374746708,0.7960879146984139,0.8639983054129462,0.7787895651616772,0.891376142794851,0.7289850645249274,1.010783944638663
18,-2.193986200226023,-0.6304056976293455,-0.1965592363209514,-0.17455879219671475,-0.2102812344822514,-0.24805230377284931,-1.1958697758254346,-1.3817976828846497,-1.4065300885656835,-1.578871899357301,-2.016538016975441,-2.0339472826719516,-2.051517877815055,-2.0330632777816686,-2.000700852151509,-1.9326177885670166,-1.9742456298079347,-1.8764223716492543,-1.9227103687010707,-1.6899832807478725,-1.7907276585937515,-1.998517198263474,-1.9236705188012684,-1.8421195859064785,-1.8628912413813798,-1.8413454899489403,-1.8649585301587732,-1.838575784594344,-1.868584651588975,-1.8335727754870925,-1.876094229323259,-1.8207098197293654,-1.9044130595969686,-1.5775559056479842,-1.1824050310622614,-1.1804500480015476,-1.2381374190043488,-0.7816469403342052,0.15928620771108498,0.12549908854123684,0.34821549455912415,0.8407178944413891,0.8837860363812146,0.8440067011395522,0.759715393099712,0.8730201652030163,0.8687102547850318,0.8691748960517838,0.8703570019152597,0.8683886924056169,0.8707529934420724,0.8681896621437518,0.8708468051725251,0.8681530867370253,0.8708529937245123,0.868161493425889,0.8708396524773531,0.8681736521854388,0.8708326865737627,0.8681726861578032,0.8708435571778846,0.8681503890275789,0.8708785556387169,0.8681015272384782,0.8709424188090227,0.8680214938011933,0.8710398441375239,0.867905424251537,0.871175742993981,0.8677488278829629,0.8713530073359116,0.8675531878292414,0.8715590527820785,0.8673599594728908,0.8716686480570622,0.8676035024575356,0.8691711188496305,0.6888401551422245,0.8647344665175156,0.8556406801697427,0.8670377877537605,0.8538673788902362,0.8689102101716396,0.8531211218006898,0.8393684281103756,0.8123987758987503,0.950737690536366,0.4426563996347782,-0.45219183855897827,-0.33822471388569636,-0.6319920832346988,-0.8296765906433428,-0.523216555553683,0.11784147427132463,0.24004054238551065,0.31610872064066614,0.22344543091309468,0.5443200454103234,0.25497833775398443,-0.5844378191538079,-0.5776467679551793,-0.787575211134908,-0.9944119751752943,-0.9676422521277293,-0.9830076945622408,-0.9709320701749407,-0.9851106149713925,-1.0534823309261947,-1.1044571010390127,-0.9719790882157188,0.019284185917244106,0.21160854722415304,0.15933972716542633,0.2182958334673273,0.021231805275565983,-0.9397443977390718,-1.024932170175906,-1.0210031841763865,-1.0162126322198357,-1.024248079605383,-1.0137355342158099,-1.0271276393728874,-1.009696372560079,-1.0334201228409168,-0.9989796053169079,-1.0488131373432599,-0.24767155473703742,0.2380593134773727,0.14505743784199585,0.21255184818104159,0.1550981079821559,0.21123376929898507,0.1451919383069989,0.32265959797567967,0.4667813070816285,0.4575229344147348,0.4532595030091634,0.4638336727085836,0.4482387310345184,0.4594989289895933,0.43515424041774453,0.46789403068435315,0.4157997357285109,0.7139558888905398,0.9016838045424636,0.8515415780199368,0.8840324399560175,0.838716597295112,0.8560266418943109,0.8619219141387634,0.8603398040507443,0.8616331436766156,0.8598665628164196,0.8624742887449831,0.8584778737607939,0.8656495589446198,0.8413744673585503,0.6193345226330672,0.5993412717350374,0.6057868574099388,0.6012028949022988,0.6053048720244516,0.6013635851141076,0.6051919477747157,0.6015772448347441,0.6046826152877838,0.602856612444674,0.6008083380035316,0.6261804891249271,0.8657486068201373,0.8647112398045002,0.8756099131951621,0.8624425968176801,0.8780253547992083,0.857919874810868,0.8902809142377108,0.7749863244865787,0.19100567588884512,0.15691974268862532,0.15018048573565657,0.1719076648923646,0.11845686581074011,0.40617579444117186,0.924768821791909,0.7991130986395643,0.9007673571549255,0.8029352000393688,0.9069033213251106,0.7874399033201039,0.9364123440083609,0.7286762072038023,1.0844765833279872,-0.499157661649994
19,0.3938306399702171,0.3421566577477704,0.48381661802611253,-0.11276706630271832,0.04152042499837125,0.35311454348572624,0.5866785669330635,-2.23460395916226,-4.480337321497467,-2.2765054351620915,0.04489145690604446,0.23311310209053504,-0.005646255472522749,0.2485063838248822,-2.293505140138762,0.03334786054666254,0.49065752783078675,0.37346668903724733,0.4129181316004426,0.4047299242591535,0.4001104532699764,0.405328129407979,0.38818761804393964,-2.5589166795449065,-4.717650992062674,-1.0853386395969602,0.5622862689237854,0.11306134723235614,0.39676983452796594,0.15694855328119806,0.40179014472620267,0.11163651437641017,0.48355445917364653,-3.3666942019164625,-0.898339774909751,0.7616985507467048,0.093154352238868,0.5565221465457286,0.1793845879565127,0.513572510505747,0.20007771709323083,0.5078355264368993,0.19254475826690717,0.5310947855487159,0.14541564265889548,0.6067737929439966,-2.8638055304007866,-0.61630715300749,0.3763005107112698,0.06006373756155534,0.218756350182646,0.1332835876420194,0.17505662638918135,0.1638468235876593,0.1506107553638863,0.18623016205083365,0.12687276563399633,0.21587815168471777,0.08200644614330052,0.3048405656947958,-0.2450948128851511,-2.3256950997915977,0.5000103990240439,0.2777811710740537,0.44963231090544636,0.30912858401709664,0.43272249716403316,0.31737239172961734,0.4305075942046229,0.3150537948422654,0.4346594872463484,0.32471645475139144,0.18972296108195574,-3.832456270690222,-1.825720318401273,0.4254067943149051,-0.09721130584945405,0.22754661935961373,-0.014570390261643473,0.18328160757119452,0.01229281322929248,0.16577267897119602,0.02417548639413586,0.15756969065281623,0.02979880802562461,0.15387398974068503,0.031958443286797374,0.1530264550968143,0.031594650459985885,0.1546103244195687,0.02865756333706431,0.15921650052812095,0.021727051250576657,0.1699177927305628,0.0033800084741819852,0.2111623112680836,-0.21210899948491602,-3.1831502067235746,-3.968271739617363,-0.5640407655181384,0.49035006669422565,0.25685596981786424,0.35319964347647703,0.3132825084663224,0.3219798350081155,0.3336377933928838,0.3071568149529854,0.3453712053134055,0.2972196645383965,0.3542820729168277,0.2888232106189856,0.36254655027734684,0.2803658439852973,0.37151237873597676,0.27054362523950126,0.3826185175687731,0.2575794730369862,0.39827175637397894,0.23794601026894854,0.4240493514796903,0.20204745136118896,0.4783506311472874,0.10847189082341291,0.6858785370204201,-1.0484763729349922,-0.5263767072159321,0.5930746134803855,0.13244793551494083,0.4219352830881263,0.2150951469716973,0.37244233368205865,0.24840858547223577,0.3482602912647689,0.2669344430977323,0.33347095865352616,0.27913823080081984,0.32311779293909976,0.2881345176579922,0.3151320493892539,0.2953621893051839,0.3084716121967086,0.3016049242583731,0.3025249483314376,0.30735850403384657,0.2968733676243153,0.3129925128591914,0.2911747322468944,0.3188398704436181,0.28508838946637055,0.32526651097682036,0.27820301567029676,0.3327542538073867,0.2699327434543703,0.34204033208934426,0.2593191555174554,0.3544117736977575,0.2445740965544154,0.3724483014014296,0.22180959447926768,0.4023291844137908,0.1805185950866995,0.4636070478311224,0.07941685818888536,0.6572194292967753,-2.9095601062209653,-1.201947673396858,0.7508755552608624,0.054200400616436294,0.4984570315757283,0.16978985140200417,0.43115797400033223,0.2142166246483847,0.3994051771838628,0.23821515480105124,0.38048467709219175,0.25364443965147726,0.3675413520076506,0.2647740298501406,0.35775427479108135,0.27356384564177727,0.34969715987175637,0.2811011455105163,0.3424985223404095,0.2881255750348008,0.33548767626387394,0.29529255649182334,0.327970349041295,0.30340034226036644,0.3189521592815,0.31378946274968406,0.3064653499891323,0.329691225920443,0.2839521381679889
20,-2.7041724045197486,-3.9251846881028003,0.2712169952928254,0.2816549881958636,0.7391860746921444,0.5193529038774036,0.7218858874216731,0.5766186182910557,-0.21679275050755883,-0.3086835389397332,0.1729716061541983,0.03278752277397941,0.13840204612631488,0.05184154153268683,0.1243998481362769,0.0637900015200047,0.11302244778468046,0.07581069980827612,0.09874381230912796,0.09546993067635512,0.06541914871921424,0.17621818298473388,-0.5380848770498178,-2.3873071940020996,-2.6250326927575625,-2.673886016743059,-2.6215142315690216,-2.660013903621308,-2.6538734705159435,-2.455952517247274,-1.9691896227677386,-2.113920595723097,-1.9964603577169773,-2.1036866546756503,-1.999436316353798,-2.1061085315237107,-1.991280375015097,-2.1053173315129414,-0.6546126979304883,-0.11746866111218594,-0.2114889979152571,-0.17172346604919692,-0.1909198878729224,-0.18125364362143231,-0.18684211265425735,-0.18123395154511693,-0.19137755735980524,0.08528551085012626,0.19580135020006953,-0.1379915212983082,-0.15878823752331542,-0.1714747798478077,-0.15395736146815614,-0.17380573473819105,-0.15075641208413035,-0.18214568788941599,-0.05450313547285629,0.04285811933150066,0.01805175851336638,0.03644144078693756,0.01747074282133294,0.04075192619086242,0.009033764900951233,0.05651193730055414,-0.026472506660332684,0.23370996213919706,0.18179347199547824,0.058776972310675746,0.17585326811272972,0.10318893336606842,0.15746011887567998,0.11462445155432383,0.1492134103414047,0.11905389110669742,0.2002519164681541,0.3615596679535455,0.0571823455488602,-0.3982694912689305,-0.2062144318071576,-0.31690877269690243,-0.22926122932035775,-0.30519406843383406,-0.23680520798274113,-0.2986378905448024,-0.2482177421901916,-0.26478780109378486,-0.00620339225468563,-0.11127490386321108,0.00039499321260003757,-0.15387696274672893,1.049815666196689,1.4573768627255472,1.3524352634806582,1.4044404649226965,1.3724401370859474,1.396255937175386,1.3728666881773264,1.4079192192035053,1.2822812752333366,0.9513245810452056,1.005228624302252,0.9614644630027759,1.0052179285106058,0.9301824760534256,0.9534519216632504,0.9571976264236111,0.9672141828149717,0.9541972027094299,0.9681877539887862,0.9540666213489185,0.9677972215782236,0.9548973552598743,0.9664947206233042,0.9567948081208164,0.9637582592663307,0.960825764954658,0.9575394399592433,0.9711806905509137,0.9380805044588346,1.0095748236831212,0.3733402877998905,-1.0521271619877284,-1.012525039594354,-1.2636658038656197,-1.2128214692541537,-1.2798137117751354,-1.2094858474342143,-1.2833179763801625,-1.2033001710344058,-1.295762425704023,-1.2101483392112917,-0.7559113898481998,0.6087299279571539,0.9313357609153485,0.8544384213115132,0.8853342137283081,0.8737102570904534,0.8746439927473242,0.8806913867582831,0.869450996967937,0.8851330937816927,0.8648783960902879,0.8912843693758407,0.8524219462347123,0.9595897972301864,1.1642140057945038,1.145893705608263,1.1566005917831448,1.1466130858160544,1.1608366393751275,1.1348394690910466,1.1937095656750827,0.918858652863925,0.0182413299332623,0.08339433559092786,0.018556293042377093,0.076292510094115,0.021836701852336743,-0.00385736270911031,-0.06577005777291531,-0.01233843122404609,-0.2985163914331937,-0.2802560805504917,-0.30250491033412436,-0.2831108466428396,-0.2989302414873166,0.039522187850363835,0.17999507371482992,0.5205205126087721,0.5554725670438679,0.726677586969341,0.5869540445747861,0.698465725039486,0.5864581442786536,0.7013648557942153,0.5807964824223291,0.7104771805223473,0.5658199468528532,0.7404896857172152,0.43240687524999166,-0.04026567090346344,-0.17548505358240804,0.008857929947553569,-0.41993472776755514,-0.5074409136826453,-0.5643267614288883,-0.18204742942105376,-0.277116647908869,-0.32697776896585634,-0.41300458305441046,-0.4652123570231086,-0.9789652255205226,-0.6604121121795552
21,-0.30391120344176364,-1.548775787590885,-1.2565856648543392,-0.4560978046635509,-0.9898192358397263,-0.4685447835675955,-0.9717529672676577,-1.2119612013533225,-0.79372240045344,-1.2664025359134021,-1.1562519542886882,-1.235415128496782,-1.1724860884633805,-1.1515096088393744,-1.763525319711718,-2.0364829652277563,-1.1043257880017463,-0.883761506078761,-0.5059114825088942,-0.8115041139038673,-1.0611916670516255,-1.455376832790847,-1.3604306981374608,-1.4120730890774988,-1.1911660638756278,-1.280098822949438,-1.185899991042036,-1.2454128629055894,-0.9313362586764757,-0.8625052556263332,-0.8530758314382166,-0.8547190091749287,-0.89571309037822,-0.9013893568279217,-0.6840987752471471,-1.5172605447729024,-2.585881816215407,-0.5569874392398078,0.35208811866130324,0.8739150579584892,1.1192306769583371,0.9551998583233289,1.0972234478089316,0.964863393559556,1.0959094451347153,0.9408219322892974,0.835374445744717,0.7718730824516145,0.8585593666285996,0.7690097592063272,0.859875125595841,0.7678553637201027,0.8615484367536064,0.7642133428549032,0.8793740749580364,0.9833324741772715,1.0884050376633356,0.9915655616099324,1.0888698889738984,0.9898502394106868,1.0911573964353432,0.9870931439050736,1.0944031121553697,0.9832911988104728,1.098865786605396,0.9780205669153024,1.1051510800486075,0.9704237087913904,1.1145019572562618,0.9586258354109604,1.129906241676618,0.9374932682831588,1.161179116421984,0.8849265196514692,1.2743556620687693,-0.2202000829668615,-1.298389571716221,-1.2234831307269576,-1.1526005512461812,-1.3475311302227548,-0.8148500933848893,-0.9772983144209832,0.08093925159442025,1.244532062322455,0.9272136473848417,1.1105486114110112,0.9965148650738599,1.0596125208949798,1.0400444043756012,-0.44327801109638443,-1.0642933355248951,-0.2455447370881203,0.27284800398364834,0.2054516245316998,0.39554612783643905,0.9423723423208733,1.0350305083529847,0.32860243498962893,0.2006895415106955,0.18295685373481557,0.3367632267834881,0.4002894215832319,0.539742536462924,-0.43081256852666827,-1.706034446288125,-1.5063166587346544,-1.7687443880859448,-2.5467996381590456,-0.061320092386749465,1.332328468170107,0.812584599416417,1.2389248987271322,-0.34919928070665873,-0.8363446060143646,-0.18394472233857584,-0.25069049789907294,-0.22603885650569977,-0.23306958639488357,-0.23340994550018446,-0.23121404544960542,-0.23104031605450473,-0.2387005587981496,-0.21372423921394437,-0.28607170284765515,0.3143899710693977,1.1055872543779697,0.910692966216592,1.1236731475680424,-0.10542889351576223,-0.7029559701431811,-0.5673976582994109,-0.6422115178453038,-0.5839935549180062,-0.6483937474081707,-0.26109815580627593,-0.06833931976619305,-0.1405952940965741,-0.0344178143658489,0.6251435695104526,0.7507964968666746,0.6996531437991109,0.7450387873955371,0.6890358536046717,0.8731332850908584,1.0588613629451926,1.0309363374837244,1.0453161638633017,1.0358440615345206,1.0435213373335828,1.035775010584725,1.0455472686065235,1.0301775118753151,1.0618551217871461,0.9375763863995753,0.1421691998335717,0.0024873125016940884,-1.1841962084847724,-1.7062774537584375,-1.7374493563352096,-1.7524255124959165,-1.7593981632332623,-1.6996074046832224,-1.3872499024794336,-1.3512816749568568,-1.4246245170164251,-1.0709120879664091,0.25573491387712455,0.18032596060289463,0.3236055173771409,0.2506269645782974,0.33642974870030007,0.23967415239758272,0.35224519952983574,0.20945404805068185,0.43653313916531056,-0.05140967849094126,-1.1855862017858134,-1.1888030886474081,0.0204529765927738,0.8328304946712268,0.4620420560486361,-0.03914426489249657,1.0674770630962633,0.9253183710844951,1.02205006734477,0.9361154571255496,1.0227031987060438,0.9290159943061769,1.0355121504439477,0.9089369747159078,1.0676397240632864,0.8513646557885005,1.2023184407290637
